 source-address ;lat;lng;lat antenne;long antenne; RSSI ; RSSI packet ; SNR ;Distance;Fréquence (MHz);Puissance (dBm);Perte;x;x_moy;Perte_théorique
2;43,5706;1,4661;43,5707141;1,4660495;-102;-78;8;0,013324128;868,1;14;92;70,73582919;66,24730968;87,51148049
2;43,5706;1,4661;43,5707141;1,4660495;-113;-76;8;0,013324128;868,1;14;90;68,73582919;66,2473097;87,51148051
2;43,5706;1,4659;43,5707141;1,4660495;-112;-81;6;0,017493873;868,1;14;95;71,37088527;66,2473097;89,87642443
2;43,5706;1,4659;43,5707141;1,4660495;-114;-76;6;0,017493873;868,1;14;90;66,37088527;66,2473097;89,87642443
2;43,5706;1,4659;43,5707141;1,4660495;-112;-76;7;0,017493873;868,1;14;90;66,37088527;66,2473097;89,87642443
2;43,5706;1,4662;43,5707141;1,4660495;-113;-84;7;0,017549426;868,1;14;98;74,34334654;66,2473097;89,90396316
2;43,5707;1,4663;43,5707141;1,4660495;-113;-71;7;0,020241933;868,1;14;85;60,10356514;66,2473097;91,14374456
2;43,5706;1,4658;43,5707141;1,4660495;-112;-76;7;0,023769873;868,1;14;90;63,70806782;66,2473097;92,53924188
2;43,5706;1,4658;43,5707141;1,4660495;-112;-76;8;0,023769873;868,1;14;90;63,70806782;66,2473097;92,53924188
2;43,5706;1,4658;43,5707141;1,4660495;-113;-74;6;0,023769873;868,1;14;88;61,70806782;66,2473097;92,53924188
2;43,5706;1,4663;43,5707141;1,4660495;-112;-72;6;0,023838025;868,1;14;86;59,68319961;66,2473097;92,56411009
2;43,5705;1,466;43,5707141;1,4660495;-113;-75;7;0,024138408;868,1;14;89;62,5744324;66,2473097;92,6728773
2;43,5705;1,466;43,5707141;1,4660495;-113;-75;8;0,024138408;868,1;14;89;62,5744324;66,2473097;92,6728773
2;43,5705;1,4659;43,5707141;1,4660495;-112;-75;8;0,026680197;868,1;14;89;61,70482424;66,2473097;93,54248546
2;43,5705;1,4659;43,5707141;1,4660495;-112;-68;7;0,026680197;868,1;14;82;54,70482424;66,2473097;93,54248546
2;43,5707;1,4657;43,5707141;1,4660495;-112;-75;7;0,028200418;868,1;14;89;61,22349396;66,2473097;94,02381574
2;43,5707;1,4657;43,5707141;1,4660495;-112;-74;9;0,028200418;868,1;14;88;60,22349396;66,2473097;94,02381574
2;43,5707;1,4664;43,5707141;1,4660495;-113;-73;6;0,028280841;868,1;14;87;59,1987584;66,2473097;94,0485513
2;43,5707;1,4664;43,5707141;1,4660495;-110;-73;9;0,028280841;868,1;14;87;59,1987584;66,2473097;94,0485513
2;43,5708;1,4664;43,5707141;1,4660495;-112;-88;8;0,029809079;868,1;14;102;73,74163375;66,2473097;94,50567595
2;43,5708;1,4664;43,5707141;1,4660495;-113;-84;4;0,029809079;868,1;14;98;69,74163375;66,2473097;94,50567595
2;43,5708;1,4664;43,5707141;1,4660495;-115;-78;8;0,029809079;868,1;14;92;63,74163375;66,2473097;94,50567595
2;43,5706;1,4664;43,5707141;1,4660495;-112;-79;7;0,030956769;868,1;14;93;64,41349238;66,2473097;94,83381732
2;43,5705;1,4658;43,5707141;1,4660495;-112;-71;6;0,03115773;868,1;14;85;56,35728866;66,2473097;94,89002104
2;43,5705;1,4663;43,5707141;1,4660495;-110;-82;8;0,031209609;868,1;14;96;67,34283826;66,2473097;94,90447144
2;43,5705;1,4663;43,5707141;1,4660495;-113;-82;8;0,031209609;868,1;14;96;67,34283826;66,2473097;94,90447144
2;43,5705;1,4663;43,5707141;1,4660495;-107;-81;9;0,031209609;868,1;14;95;66,34283826;66,2473097;94,90447144
2;43,5705;1,4663;43,5707141;1,4660495;-112;-80;8;0,031209609;868,1;14;94;65,34283826;66,2473097;94,90447144
2;43,5705;1,4663;43,5707141;1,4660495;-110;-80;7;0,031209609;868,1;14;94;65,34283826;66,2473097;94,90447144
2;43,5705;1,4663;43,5707141;1,4660495;-110;-79;6;0,031209609;868,1;14;93;64,34283826;66,2473097;94,90447144
2;43,5705;1,4663;43,5707141;1,4660495;-110;-78;8;0,031209609;868,1;14;92;63,34283826;66,2473097;94,90447144
2;43,5705;1,4663;43,5707141;1,4660495;-106;-78;9;0,031209609;868,1;14;92;63,34283826;66,2473097;94,90447144
2;43,5705;1,4663;43,5707141;1,4660495;-107;-78;6;0,031209609;868,1;14;92;63,34283826;66,2473097;94,90447144
2;43,5705;1,4663;43,5707141;1,4660495;-110;-78;7;0,031209609;868,1;14;92;63,34283826;66,2473097;94,90447144
2;43,5705;1,4663;43,5707141;1,4660495;-109;-78;7;0,031209609;868,1;14;92;63,34283826;66,2473097;94,90447144
2;43,5705;1,4663;43,5707141;1,4660495;-111;-77;7;0,031209609;868,1;14;91;62,34283826;66,2473097;94,90447144
2;43,5705;1,4663;43,5707141;1,4660495;-110;-76;8;0,031209609;868,1;14;90;61,34283826;66,2473097;94,90447144
2;43,5705;1,4663;43,5707141;1,4660495;-106;-76;7;0,031209609;868,1;14;90;61,34283826;66,2473097;94,90447144
2;43,5705;1,4663;43,5707141;1,4660495;-114;-74;8;0,031209609;868,1;14;88;59,34283826;66,2473097;94,90447144
2;43,5704;1,466;43,5707141;1,4660495;-113;-80;8;0,035153247;868,1;14;94;64,30929586;66,2473097;95,93801384
2;43,5704;1,4661;43,5707141;1,4660495;-113;-76;6;0,035162732;868,1;14;90;60,30695259;66,2473097;95,94035711
2;43,5707;1,4665;43,5707141;1,4660495;-112;-85;6;0,036327609;868,1;14;99;69,02386853;66,2473097;96,22344117
2;43,5707;1,4665;43,5707141;1,4660495;-113;-83;9;0,036327609;868,1;14;97;67,02386853;66,2473097;96,22344117
2;43,5707;1,4665;43,5707141;1,4660495;-112;-82;9;0,036327609;868,1;14;96;66,02386853;66,2473097;96,22344117
2;43,5707;1,4665;43,5707141;1,4660495;-112;-80;6;0,036327609;868,1;14;94;64,02386853;66,2473097;96,22344117
2;43,5707;1,4665;43,5707141;1,4660495;-113;-79;7;0,036327609;868,1;14;93;63,02386853;66,2473097;96,22344117
2;43,5707;1,4665;43,5707141;1,4660495;-114;-75;7;0,036327609;868,1;14;89;59,02386853;66,2473097;96,22344117
2;43,5705;1,4664;43,5707141;1,4660495;-109;-79;8;0,03693398;868,1;14;93;62,8800828;66,2473097;96,3672269
2;43,5708;1,4665;43,5707141;1,4660495;-81;-88;6;0,037529594;868,1;14;102;71,74112765;66,2473097;96,50618205
2;43,5708;1,4665;43,5707141;1,4660495;-111;-88;7;0,037529594;868,1;14;102;71,74112765;66,2473097;96,50618205
2;43,5708;1,4665;43,5707141;1,4660495;-111;-78;8;0,037529594;868,1;14;92;61,74112765;66,2473097;96,50618205
2;43,5708;1,4665;43,5707141;1,4660495;-111;-74;7;0,037529594;868,1;14;88;57,74112765;66,2473097;96,50618205
2;43,5706;1,4665;43,5707141;1,4660495;-110;-71;8;0,038447506;868,1;14;85;54,53124132;66,2473097;96,71606838
2;43,5704;1,4658;43,5707141;1,4660495;-112;-80;6;0,040297546;868,1;14;94;63,1230329;66,2473097;97,1242768
2;43,5704;1,4658;43,5707141;1,4660495;-113;-78;7;0,040297546;868,1;14;92;61,1230329;66,2473097;97,1242768
2;43,5703;1,466;43,5707141;1,4660495;-111;-70;6;0,046218087;868,1;14;84;51,93236549;66,2473097;98,31494421
2;43,5703;1,4661;43,5707141;1,4660495;-112;-77;6;0,046225204;868,1;14;91;58,93102806;66,2473097;98,31628164
2;43,5703;1,4658;43,5707141;1,4660495;-112;-82;7;0,050241945;868,1;14;96;63,20727606;66,2473097;99,04003364
2;43,5703;1,4658;43,5707141;1,4660495;-114;-79;8;0,050241945;868,1;14;93;60,20727606;66,2473097;99,04003364
2;43,5705;1,4666;43,5707141;1,4660495;-114;-73;8;0,050335945;868,1;14;87;54,19104039;66,2473097;99,05626931
2;43,5711;1,4657;43,5707141;1,4660495;-84;-80;8;0,051323308;868,1;14;94;61,02231214;66,2473097;99,22499756
2;43,5707;1,4667;43,5707141;1,4660495;-110;-82;7;0,052429904;868,1;14;96;62,83702365;66,2473097;99,41028605
2;43,5706;1,4667;43,5707141;1,4660495;-77;-76;6;0,053920408;868,1;14;90;56,59354151;66,2473097;99,65376819
2;43,571;1,4655;43,5707141;1,4660495;-112;-76;7;0,054501626;868,1;14;90;56,50041567;66,2473097;99,74689403
2;43,5712;1,4659;43,5707141;1,4660495;-114;-85;7;0,055355746;868,1;14;99;65,36535076;66,2473097;99,88195894
2;43,5711;1,4656;43,5707141;1,4660495;-100;-72;7;0,056148671;868,1;14;86;52,24181522;66,2473097;100,0054945
2;43,5712;1,4658;43,5707141;1,4660495;-113;-81;7;0,057647461;868,1;14;95;61,01300112;66,2473097;100,2343086
2;43,5702;1,4659;43,5707141;1,4660495;-112;-75;7;0,058420393;868,1;14;89;54,89731537;66,2473097;100,3499943
2;43,5707;1,4668;43,5707141;1,4660495;-109;-84;7;0,060483099;868,1;14;98;63,5959242;66,2473097;100,6513855
2;43,5702;1,4663;43,5707141;1,4660495;-113;-78;6;0,060623008;868,1;14;92;57,57585521;66,2473097;100,6714545
2;43,5708;1,4668;43,5707141;1,4660495;-110;-84;6;0,061212584;868,1;14;98;63,49179062;66,2473097;100,7555191
2;43,571;1,4654;43,5707141;1,4660495;-113;-69;9;0,061226128;868,1;14;83;48,48986894;66,2473097;100,7574408
2;43,5702;1,4657;43,5707141;1,4660495;-113;-81;7;0,063723582;868,1;14;95;60,1426013;66,2473097;101,1047084
2;43,5713;1,4661;43,5707141;1,4660495;-112;-86;8;0,065276147;868,1;14;100;64,93351467;66,2473097;101,313795
2;43,5713;1,4662;43,5707141;1,4660495;-113;-86;8;0,06626783;868,1;14;100;64,80254987;66,2473097;101,4447598
2;43,5702;1,4656;43,5707141;1,4660495;-113;-88;7;0,067670424;868,1;14;102;66,62062695;66,2473097;101,6266827
2;43,5708;1,4669;43,5707141;1,4660495;-112;-79;6;0,069181717;868,1;14;93;57,42877817;66,2473097;101,8185315
2;43,5713;1,4664;43,5707141;1,4660495;-114;-83;6;0,071005384;868,1;14;97;61,20277932;66,2473097;102,0445304
2;43,5713;1,4664;43,5707141;1,4660495;-113;-82;6;0,071005384;868,1;14;96;60,20277932;66,2473097;102,0445304
2;43,5701;1,4663;43,5707141;1,4660495;-112;-80;7;0,071204701;868,1;14;94;58,17843151;66,2473097;102,0688782
2;43,5709;1,4669;43,5707141;1,4660495;-113;-77;7;0,071569252;868,1;14;91;55,13407527;66,2473097;102,1132344
2;43,5701;1,4664;43,5707141;1,4660495;-111;-80;6;0,073893089;868,1;14;94;57,85652843;66,2473097;102,3907813
2;43,5711;1,4653;43,5707141;1,4660495;-112;-76;7;0,074076122;868,1;14;90;53,83504015;66,2473097;102,4122696
2;43,5711;1,4668;43,5707141;1,4660495;-111;-85;8;0,074141854;868,1;14;99;62,82733601;66,2473097;102,4199737
2;43,571;1,4669;43,5707141;1,4660495;-112;-85;7;0,075534738;868,1;14;99;62,66567039;66,2473097;102,5816393
2;43,571;1,4669;43,5707141;1,4660495;-112;-85;6;0,075534738;868,1;14;99;62,66567039;66,2473097;102,5816393
2;43,571;1,4669;43,5707141;1,4660495;-112;-81;8;0,075534738;868,1;14;95;58,66567039;66,2473097;102,5816393
2;43,571;1,4669;43,5707141;1,4660495;-113;-81;6;0,075534738;868,1;14;95;58,66567039;66,2473097;102,5816393
2;43,571;1,4669;43,5707141;1,4660495;-112;-79;8;0,075534738;868,1;14;93;56,66567039;66,2473097;102,5816393
2;43,571;1,4669;43,5707141;1,4660495;-109;-78;9;0,075534738;868,1;14;92;55,66567039;66,2473097;102,5816393
2;43,571;1,4669;43,5707141;1,4660495;-113;-76;7;0,075534738;868,1;14;90;53,66567039;66,2473097;102,5816393
2;43,571;1,4669;43,5707141;1,4660495;-112;-76;6;0,075534738;868,1;14;90;53,66567039;66,2473097;102,5816393
2;43,571;1,4669;43,5707141;1,4660495;-111;-75;7;0,075534738;868,1;14;89;52,66567039;66,2473097;102,5816393
2;43,571;1,4669;43,5707141;1,4660495;-112;-74;8;0,075534738;868,1;14;88;51,66567039;66,2473097;102,5816393
2;43,571;1,4669;43,5707141;1,4660495;-112;-73;9;0,075534738;868,1;14;87;50,66567039;66,2473097;102,5816393
2;43,571;1,4669;43,5707141;1,4660495;-111;-73;9;0,075534738;868,1;14;87;50,66567039;66,2473097;102,5816393
2;43,571;1,4669;43,5707141;1,4660495;-113;-73;10;0,075534738;868,1;14;87;50,66567039;66,2473097;102,5816393
2;43,571;1,4669;43,5707141;1,4660495;-112;-73;7;0,075534738;868,1;14;87;50,66567039;66,2473097;102,5816393
2;43,571;1,4669;43,5707141;1,4660495;-113;-73;9;0,075534738;868,1;14;87;50,66567039;66,2473097;102,5816393
2;43,571;1,4669;43,5707141;1,4660495;-114;-72;9;0,075534738;868,1;14;86;49,66567039;66,2473097;102,5816393
2;43,571;1,4669;43,5707141;1,4660495;-112;-72;7;0,075534738;868,1;14;86;49,66567039;66,2473097;102,5816393
2;43,571;1,4669;43,5707141;1,4660495;-77;-71;7;0,075534738;868,1;14;85;48,66567039;66,2473097;102,5816393
2;43,571;1,4669;43,5707141;1,4660495;-112;-71;8;0,075534738;868,1;14;85;48,66567039;66,2473097;102,5816393
2;43,571;1,4669;43,5707141;1,4660495;-115;-71;7;0,075534738;868,1;14;85;48,66567039;66,2473097;102,5816393
2;43,571;1,4669;43,5707141;1,4660495;-112;-70;7;0,075534738;868,1;14;84;47,66567039;66,2473097;102,5816393
2;43,5703;1,4668;43,5707141;1,4660495;-112;-86;7;0,07599996;868,1;14;100;63,61233754;66,2473097;102,6349722
2;43,5707;1,467;43,5707141;1,4660495;-112;-78;8;0,076591549;868,1;14;92;55,54498787;66,2473097;102,7023218
2;43,5704;1,4669;43,5707141;1,4660495;-112;-88;8;0,076907436;868,1;14;102;65,50923824;66,2473097;102,7380715
2;43,5708;1,467;43,5707141;1,4660495;-110;-82;7;0,077168909;868,1;14;96;59,47975767;66,2473097;102,767552
2;43,5708;1,467;43,5707141;1,4660495;-109;-81;8;0,077168909;868,1;14;95;58,47975767;66,2473097;102,767552
2;43,5701;1,4656;43,5707141;1,4660495;-113;-71;7;0,077293192;868,1;14;85;48,46577998;66,2473097;102,7815297
2;43,5701;1,4665;43,5707141;1,4660495;-103;-82;7;0,077330963;868,1;14;96;59,46153652;66,2473097;102,7857732
2;43,5702;1,4667;43,5707141;1,4660495;-113;-90;6;0,077552145;868,1;14;104;67,43672863;66,2473097;102,8105811
2;43,5702;1,4667;43,5707141;1,4660495;-112;-89;6;0,077552145;868,1;14;103;66,43672863;66,2473097;102,8105811
2;43,5709;1,467;43,5707141;1,4660495;-114;-79;6;0,079316382;868,1;14;93;56,24134697;66,2473097;103,0059627
2;43,5712;1,4653;43,5707141;1,4660495;-113;-77;7;0,081025873;868,1;14;91;54,05613055;66,2473097;103,1911792
2;43,5712;1,4668;43,5707141;1,4660495;-112;-81;8;0,081085916;868,1;14;95;58,04969635;66,2473097;103,1976133
2;43,5701;1,4655;43,5707141;1,4660495;-110;-75;7;0,081379598;868,1;14;89;52,01829403;66,2473097;103,2290157
2;43,5701;1,4666;43,5707141;1,4660495;-113;-93;8;0,081423499;868,1;14;107;70,0136097;66,2473097;103,2337
2;43,5701;1,4666;43,5707141;1,4660495;-115;-86;7;0,081423499;868,1;14;100;63,0136097;66,2473097;103,2337
2;43,5703;1,4669;43,5707141;1,4660495;-112;-96;7;0,082553761;868,1;14;110;72,89386757;66,2473097;103,3534421
2;43,5702;1,4668;43,5707141;1,4660495;-114;-91;8;0,083208555;868,1;14;105;67,8252453;66,2473097;103,4220644
2;43,5713;1,4667;43,5707141;1,4660495;-111;-81;7;0,083611215;868,1;14;95;57,78331416;66,2473097;103,4639955
2;43,5704;1,467;43,5707141;1,4660495;-112;-91;8;0,084164733;868,1;14;105;67,72600187;66,2473097;103,5213078
2;43,5714;1,4665;43,5707141;1,4660495;-114;-87;8;0,08446377;868,1;14;101;63,69519566;66,2473097;103,552114
2;43,5707;1,4671;43,5707141;1,4660495;-109;-84;7;0,084646411;868,1;14;98;60,67643386;66,2473097;103,5708758
2;43,5708;1,4671;43,5707141;1,4660495;-112;-82;7;0,08516908;868,1;14;96;58,62296579;66,2473097;103,6243439
2;43,5706;1,4671;43,5707141;1,4660495;-109;-81;8;0,085577734;868,1;14;95;57,58138923;66,2473097;103,6659205
2;43,5712;1,4652;43,5707141;1,4660495;-113;-87;8;0,087195216;868,1;14;101;63,41875173;66,2473097;103,828558
2;43,5714;1,4666;43,5707141;1,4660495;-112;-84;8;0,088225952;868,1;14;98;60,31667777;66,2473097;103,9306319
2;43,5715;1,4664;43,5707141;1,4660495;-111;-88;7;0,091836984;868,1;14;102;63,9682526;66,2473097;104,2790571
2;43,5707;1,4672;43,5707141;1,4660495;-107;-81;6;0,092701487;868,1;14;95;56,88687087;66,2473097;104,3604388
2;43,5706;1,4672;43,5707141;1,4660495;-101;-81;7;0,093552655;868,1;14;95;56,80748253;66,2473097;104,4398272
2;43,57;1,4667;43,5707141;1,4660495;-113;-82;6;0,095139474;868,1;14;96;57,66138995;66,2473097;104,5859198
2;43,5705;1,4672;43,5707141;1,4660495;-109;-82;8;0,095696947;868,1;14;96;57,61064326;66,2473097;104,6366664
2;43,5716;1,4662;43,5707141;1,4660495;-113;-86;6;0,099250938;868,1;14;100;61,29391247;66,2473097;104,9533972
2;43,5713;1,4651;43,5707141;1,4660495;-113;-79;6;0,100478059;868,1;14;93;54,18718013;66,2473097;105,0601296
2;43,5716;1,4663;43,5707141;1,4660495;-110;-85;8;0,100553557;868,1;14;99;60,18065614;66,2473097;105,0666536
2;43,5706;1,4673;43,5707141;1,4660495;-111;-83;7;0,101540391;868,1;14;97;58,09582824;66,2473097;105,1514815
2;43,5705;1,4673;43,5707141;1,4660495;-109;-86;7;0,103519401;868,1;14;100;60,92816988;66,2473097;105,3191398
2;43,5704;1,4673;43,5707141;1,4660495;-112;-82;7;0,106627259;868,1;14;96;56,67123994;66,2473097;105,5760698
2;43,5699;1,4668;43,5707141;1,4660495;-114;-88;6;0,108859413;868,1;14;102;62,49128511;66,2473097;105,7560246
2;43,5717;1,4661;43,5707141;1,4660495;-112;-89;7;0,109702574;868,1;14;103;63,42426853;66,2473097;105,8230412
2;43,5717;1,4662;43,5707141;1,4660495;-111;-86;8;0,110295533;868,1;14;100;60,37744637;66,2473097;105,8698633
2;43,5705;1,4674;43,5707141;1,4660495;-110;-82;7;0,111375209;868,1;14;96;56,29283422;66,2473097;105,9544755
2;43,5714;1,465;43,5707141;1,4660495;-112;-83;7;0,113867242;868,1;14;97;57,10062883;66,2473097;106,1466809
2;43,5703;1,4674;43,5707141;1,4660495;-108;-83;8;0,118143689;868,1;14;97;56,78039436;66,2473097;106,4669153
2;43,5698;1,4668;43,5707141;1,4660495;-109;-81;7;0,11826736;868,1;14;95;54,77130685;66,2473097;106,4760029
2;43,5718;1,4661;43,5707141;1,4660495;-114;-93;7;0,120815079;868,1;14;107;66,586182;66,2473097;106,6611277
2;43,5718;1,4661;43,5707141;1,4660495;-108;-90;6;0,120815079;868,1;14;104;63,586182;66,2473097;106,6611277
2;43,5718;1,4662;43,5707141;1,4660495;-113;-89;7;0,121353753;868,1;14;103;62,54754063;66,2473097;106,6997691
2;43,5715;1,465;43,5707141;1,4660495;-111;-88;6;0,1215957;868,1;14;102;61,53024052;66,2473097;106,7170692
2;43,5704;1,4675;43,5707141;1,4660495;-106;-87;6;0,121965369;868,1;14;101;60,50387418;66,2473097;106,7434355
2;43,5704;1,4675;43,5707141;1,4660495;-109;-85;7;0,121965369;868,1;14;99;58,50387418;66,2473097;106,7434355
2;43,5702;1,4674;43,5707141;1,4660495;-112;-81;6;0,122904881;868,1;14;95;54,43722227;66,2473097;106,8100874
2;43,5715;1,4649;43,5707141;1,4660495;-110;-88;8;0,127329294;868,1;14;102;61,13003824;66,2473097;107,1172715
2;43,5697;1,4668;43,5707141;1,4660495;-114;-83;6;0,127950243;868,1;14;97;56,08778257;66,2473097;107,1595271
2;43,5702;1,4675;43,5707141;1,4660495;-113;-84;8;0,130090771;868,1;14;98;56,94367513;66,2473097;107,3036346
2;43,5718;1,4654;43,5707141;1,4660495;-107;-118;-1;0,131596692;868,1;14;132;90,8437054;66,2473097;107,4036043
2;43,5719;1,466;43,5707141;1,4660495;-90;-91;3;0,131926354;868,1;14;105;63,82197364;66,2473097;107,4253361
2;43,5719;1,4661;43,5707141;1,4660495;-112;-99;5;0,131928848;868,1;14;113;71,82180948;66,2473097;107,4255002
2;43,5719;1,4659;43,5707141;1,4660495;-112;-92;7;0,13241497;868,1;14;106;64,78986318;66,2473097;107,4574465
2;43,5703;1,4676;43,5707141;1,4660495;-108;-93;6;0,133130466;868,1;14;107;65,7430558;66,2473097;107,5042539
2;43,5703;1,4676;43,5707141;1,4660495;-109;-82;8;0,133130466;868,1;14;96;54,7430558;66,2473097;107,5042539
2;43,5718;1,4653;43,5707141;1,4660495;-99;-88;3;0,135002533;868,1;14;102;60,62176651;66,2473097;107,6255432
2;43,5696;1,4668;43,5707141;1,4660495;-113;-90;7;0,137850074;868,1;14;104;62,44046483;66,2473097;107,8068449
2;43,5696;1,4668;43,5707141;1,4660495;-109;-83;7;0,137850074;868,1;14;97;55,44046483;66,2473097;107,8068449
2;43,5719;1,4655;43,5707141;1,4660495;-105;-93;0;0,139098614;868,1;14;107;65,36214881;66,2473097;107,8851609
2;43,5716;1,4648;43,5707141;1,4660495;-110;-89;6;0,14084329;868,1;14;103;61,25388166;66,2473097;107,993428
2;43,5719;1,4654;43,5707141;1,4660495;-93;-121;-4;0,141868312;868,1;14;135;93,19089685;66,2473097;108,0564129
2;43,5701;1,4676;43,5707141;1,4660495;-113;-92;7;0,142360061;868,1;14;106;64,16084154;66,2473097;108,0864682
2;43,572;1,4659;43,5707141;1,4660495;-113;-90;8;0,143491931;868,1;14;104;62,09205525;66,2473097;108,1552545
2;43,572;1,4658;43,5707141;1,4660495;-113;-93;7;0,144391501;868,1;14;107;65,03777224;66,2473097;108,2095375
2;43,5702;1,4677;43,5707141;1,4660495;-112;-92;6;0,14473779;868,1;14;106;64,01696614;66,2473097;108,2303436
2;43,572;1,4657;43,5707141;1,4660495;-94;-89;2;0,145731465;868,1;14;103;60,95753826;66,2473097;108,2897714
2;43,572;1,4656;43,5707141;1,4660495;-106;-93;3;0,147500004;868,1;14;107;64,85276422;66,2473097;108,3945455
2;43,572;1,4656;43,5707141;1,4660495;-93;-89;0;0,147500004;868,1;14;103;60,85276422;66,2473097;108,3945455
2;43,5719;1,4652;43,5707141;1,4660495;-95;-87;6;0,148567887;868,1;14;101;58,79010592;66,2473097;108,4572038
2;43,5717;1,4648;43,5707141;1,4660495;-107;-92;6;0,148832692;868,1;14;106;63,77463813;66,2473097;108,4726716
2;43,5701;1,4677;43,5707141;1,4660495;-113;-93;6;0,149479116;868,1;14;107;64,73699445;66,2473097;108,5103153
2;43,572;1,4655;43,5707141;1,4660495;-97;-89;2;0,149681748;868,1;14;103;60,72522795;66,2473097;108,5220817
2;43,5696;1,4671;43,5707141;1,4660495;-112;-103;4;0,150031685;868,1;14;117;74,70494512;66,2473097;108,5423646
2;43,5696;1,4671;43,5707141;1,4660495;-113;-95;6;0,150031685;868,1;14;109;66,70494512;66,2473097;108,5423646
2;43,5695;1,4669;43,5707141;1,4660495;-111;-97;7;0,151395014;868,1;14;111;68,62637345;66,2473097;108,6209363
2;43,5695;1,4669;43,5707141;1,4660495;-111;-96;6;0,151395014;868,1;14;110;67,62637345;66,2473097;108,6209363
2;43,572;1,4654;43,5707141;1,4660495;-94;-91;1;0,152259053;868,1;14;105;62,5769424;66,2473097;108,6703673
2;43,5719;1,4651;43,5707141;1,4660495;-109;-88;8;0,152446817;868,1;14;102;59,56623768;66,2473097;108,681072
2;43,5717;1,4674;43,5707141;1,4660495;-94;-119;-2;0,154452378;868,1;14;133;90,45271292;66,2473097;108,7945968
2;43,5721;1,4659;43,5707141;1,4660495;-110;-97;5;0,154575015;868,1;14;111;68,44581891;66,2473097;108,8014908
2;43,5696;1,4672;43,5707141;1,4660495;-113;-96;6;0,154719373;868,1;14;110;67,43771095;66,2473097;108,8095988
2;43,5695;1,467;43,5707141;1,4660495;-113;-92;7;0,155207628;868,1;14;106;63,41034365;66,2473097;108,8369661
2;43,572;1,4653;43,5707141;1,4660495;-111;-95;5;0,155212157;868,1;14;109;66,41009018;66,2473097;108,8372195
2;43,5694;1,4667;43,5707141;1,4660495;-110;-93;8;0,155235034;868,1;14;107;64,40881006;66,2473097;108,8384996
2;43,5721;1,4658;43,5707141;1,4660495;-113;-92;8;0,155410388;868,1;14;106;63,399004;66,2473097;108,8483057
2;43,5721;1,4658;43,5707141;1,4660495;-100;-90;7;0,155410388;868,1;14;104;61,399004;66,2473097;108,8483057
2;43,5701;1,4678;43,5707141;1,4660495;-108;-96;5;0,156688977;868,1;14;110;67,327836;66,2473097;108,9194737
2;43,5701;1,4678;43,5707141;1,4660495;-112;-95;7;0,156688977;868,1;14;109;66,327836;66,2473097;108,9194737
2;43,5701;1,4678;43,5707141;1,4660495;-111;-93;7;0,156688977;868,1;14;107;64,327836;66,2473097;108,9194737
2;43,5697;1,4674;43,5707141;1,4660495;-109;-103;4;0,156694901;868,1;14;117;74,32750759;66,2473097;108,9198021
2;43,5697;1,4674;43,5707141;1,4660495;-112;-92;7;0,156694901;868,1;14;106;63,32750759;66,2473097;108,9198021
2;43,5718;1,4648;43,5707141;1,4660495;-111;-90;7;0,157202993;868,1;14;104;61,29938869;66,2473097;108,947921
2;43,5696;1,4673;43,5707141;1,4660495;-110;-93;7;0,159676148;868,1;14;107;64,16380394;66,2473097;109,0835058
2;43,5696;1,4673;43,5707141;1,4660495;-114;-92;6;0,159676148;868,1;14;106;63,16380394;66,2473097;109,0835058
2;43,5698;1,4676;43,5707141;1,4660495;-109;-104;4;0,161043456;868,1;14;118;75,08974325;66,2473097;109,1575664
2;43,5698;1,4676;43,5707141;1,4660495;-106;-97;6;0,161043456;868,1;14;111;68,08974325;66,2473097;109,1575664
2;43,5698;1,4676;43,5707141;1,4660495;-113;-93;8;0,161043456;868,1;14;107;64,08974325;66,2473097;109,1575664
2;43,5693;1,4665;43,5707141;1,4660495;-111;-100;5;0,161375095;868,1;14;114;71,07187463;66,2473097;109,1754351
2;43,57;1,4678;43,5707141;1,4660495;-110;-89;6;0,161844665;868,1;14;103;60,04663713;66,2473097;109,2006726
2;43,57;1,4678;43,5707141;1,4660495;-112;-89;7;0,161844665;868,1;14;103;60,04663713;66,2473097;109,2006726
2;43,5697;1,4675;43,5707141;1,4660495;-113;-95;7;0,162392426;868,1;14;109;66,01728949;66,2473097;109,2300202
2;43,5721;1,4654;43,5707141;1,4660495;-109;-98;4;0,162746183;868,1;14;112;68,99838863;66,2473097;109,2489211
2;43,5693;1,4666;43,5707141;1,4660495;-112;-95;7;0,163375732;868,1;14;109;65,96485396;66,2473097;109,2824557
2;43,5696;1,4674;43,5707141;1,4660495;-114;-96;7;0,164877743;868,1;14;110;66,88536421;66,2473097;109,3619455
2;43,5696;1,4674;43,5707141;1,4660495;-113;-88;8;0,164877743;868,1;14;102;58,88536421;66,2473097;109,3619455
2;43,5698;1,4677;43,5707141;1,4660495;-112;-95;7;0,167369719;868,1;14;109;65,75506715;66,2473097;109,4922425
2;43,5698;1,4677;43,5707141;1,4660495;-112;-92;7;0,167369719;868,1;14;106;62,75506715;66,2473097;109,4922425
2;43,5698;1,4677;43,5707141;1,4660495;-113;-88;9;0,167369719;868,1;14;102;58,75506715;66,2473097;109,4922425
2;43,5699;1,4678;43,5707141;1,4660495;-111;-98;6;0,16758054;868,1;14;112;68,74413317;66,2473097;109,5031765
2;43,5718;1,4675;43,5707141;1,4660495;-111;-89;6;0,168033064;868,1;14;103;59,72070995;66,2473097;109,5265997
2;43,5692;1,4663;43,5707141;1,4660495;-112;-96;6;0,169565498;868,1;14;110;66,64185508;66,2473097;109,6054546
2;43,572;1,4672;43,5707141;1,4660495;-107;-98;3;0,170398943;868,1;14;112;68,59926695;66,2473097;109,6480428
2;43,572;1,4672;43,5707141;1,4660495;-111;-94;8;0,170398943;868,1;14;108;64,59926695;66,2473097;109,6480428
2;43,5692;1,4657;43,5707141;1,4660495;-110;-99;6;0,170698576;868,1;14;113;69,58400691;66,2473097;109,6633028
2;43,5718;1,4676;43,5707141;1,4660495;-113;-93;7;0,173732114;868,1;14;107;63,43100279;66,2473097;109,8163069
2;43,5698;1,4678;43,5707141;1,4660495;-113;-91;7;0,173839207;868,1;14;105;61,42565022;66,2473097;109,8216595
2;43,5721;1,4671;43,5707141;1,4660495;-103;-91;2;0,175814584;868,1;14;105;61,32750691;66,2473097;109,9198028
2;43,5722;1,4653;43,5707141;1,4660495;-96;-91;1;0,175912161;868,1;14;105;61,32268759;66,2473097;109,9246221
2;43,5722;1,4669;43,5707141;1,4660495;-111;-94;5;0,178868456;868,1;14;108;64,1779297;66,2473097;110,06938
2;43,5691;1,466;43,5707141;1,4660495;-108;-97;6;0,179524029;868,1;14;111;67,14615314;66,2473097;110,1011566
2;43,5691;1,4661;43,5707141;1,4660495;-110;-96;6;0,179525887;868,1;14;110;66,14606327;66,2473097;110,1012464
2;43,5718;1,4677;43,5707141;1,4660495;-113;-94;6;0,179611863;868,1;14;108;64,1419045;66,2473097;110,1054052
2;43,5691;1,4663;43,5707141;1,4660495;-111;-100;5;0,180610805;868,1;14;114;70,0937303;66,2473097;110,1535794
2;43,5699;1,468;43,5707141;1,4660495;-112;-87;7;0,181349257;868,1;14;101;57,05828927;66,2473097;110,1890204
2;43,5722;1,467;43,5707141;1,4660495;-113;-94;6;0,18210664;868,1;14;108;64,02208927;66,2473097;110,2252204
2;43,5723;1,4668;43,5707141;1,4660495;-112;-94;6;0,186421261;868,1;14;108;63,81869603;66,2473097;110,4286137
2;43,5724;1,466;43,5707141;1,4660495;-90;-119;-2;0,187505938;868,1;14;133;88,76830438;66,2473097;110,4790053
2;43,5724;1,4661;43,5707141;1,4660495;-107;-96;5;0,187507692;868,1;14;110;65,76822311;66,2473097;110,4790866
2;43,5723;1,4652;43,5707141;1,4660495;-100;-100;1;0,189158528;868,1;14;114;69,69208638;66,2473097;110,5552233
2;43,569;1,4661;43,5707141;1,4660495;-111;-100;5;0,190642654;868,1;14;114;69,62420337;66,2473097;110,6231063
2;43,5718;1,4679;43,5707141;1,4660495;-95;-86;0;0,191846175;868,1;14;100;55,569542;66,2473097;110,6777677
2;43,5723;1,4651;43,5707141;1,4660495;-106;-100;0;0,192220044;868,1;14;114;69,55263144;66,2473097;110,6946783
2;43,5698;1,4681;43,5707141;1,4660495;-106;-96;7;0,193961991;868,1;14;110;65,4742722;66,2473097;110,7730375
2;43,569;1,4656;43,5707141;1,4660495;-108;-101;4;0,194009056;868,1;14;115;70,47216483;66,2473097;110,7751449
2;43,5724;1,4668;43,5707141;1,4660495;-96;-91;7;0,19697267;868,1;14;105;60,34048542;66,2473097;110,9068243
2;43,5718;1,468;43,5707141;1,4660495;-109;-86;6;0,198171471;868,1;14;100;55,28778221;66,2473097;110,9595275
2;43,5725;1,4659;43,5707141;1,4660495;-89;-127;-10;0,19894792;868,1;14;141;96,25381682;66,2473097;110,9934929
2;43,5725;1,4662;43,5707141;1,4660495;-99;-94;0;0,198952812;868,1;14;108;63,25360322;66,2473097;110,9937065
2;43,5725;1,4666;43,5707141;1,4660495;-102;-96;3;0,20347507;868,1;14;110;65,05838074;66,2473097;111,188929
2;43,5718;1,4681;43,5707141;1,4660495;-101;-89;5;0,204618494;868,1;14;103;58,00970718;66,2473097;111,2376025
2;43,5717;1,4682;43,5707141;1,4660495;-108;-99;1;0,205021321;868,1;14;113;67,99262433;66,2473097;111,2546854
2;43,5717;1,4682;43,5707141;1,4660495;-114;-90;6;0,205021321;868,1;14;104;58,99262433;66,2473097;111,2546854
2;43,5725;1,4667;43,5707141;1,4660495;-103;-90;3;0,205381541;868,1;14;104;58,9773767;66,2473097;111,269933
2;43,5724;1,465;43,5707141;1,4660495;-108;-118;-1;0,205648482;868,1;14;132;86,9660947;66,2473097;111,281215
2;43,5716;1,4683;43,5707141;1,4660495;-100;-118;-1;0,206339157;868,1;14;132;86,93697185;66,2473097;111,3103378
2;43,5697;1,4682;43,5707141;1,4660495;-112;-103;5;0,20671742;868,1;14;117;71,92106334;66,2473097;111,3262464
2;43,5697;1,4682;43,5707141;1,4660495;-113;-103;4;0,20671742;868,1;14;117;71,92106334;66,2473097;111,3262464
2;43,5726;1,4658;43,5707141;1,4660495;-82;-129;-12;0,21066363;868,1;14;143;97,75681363;66,2473097;111,4904961
2;43,5726;1,4663;43,5707141;1,4660495;-89;-121;-4;0,21067133;868,1;14;135;89,75649613;66,2473097;111,4908136
2;43,5726;1,4664;43,5707141;1,4660495;-102;-91;4;0,211595084;868,1;14;105;59,71849341;66,2473097;111,5288163
2;43,5714;1,4685;43,5707141;1,4660495;-88;-95;3;0,211639739;868,1;14;109;63,71666053;66,2473097;111,5306492
2;43,5725;1,4651;43,5707141;1,4660495;-85;-132;-15;0,212806317;868,1;14;146;100,6689146;66,2473097;111,5783951
2;43,5716;1,4684;43,5707141;1,4660495;-107;-97;0;0,213452723;868,1;14;111;65,64257088;66,2473097;111,6047388
2;43,5688;1,4658;43,5707141;1,4660495;-111;-96;6;0,213785312;868,1;14;110;64,62904761;66,2473097;111,6182621
2;43,5726;1,4666;43,5707141;1,4660495;-99;-92;3;0,214340904;868,1;14;106;60,60650373;66,2473097;111,640806
2;43,5725;1,465;43,5707141;1,4660495;-104;-100;2;0,215833098;868,1;14;114;68,54624398;66,2473097;111,7010657
2;43,5715;1,4685;43,5707141;1,4660495;-111;-96;6;0,215896039;868,1;14;110;64,5437114;66,2473097;111,7035983
2;43,5726;1,4654;43,5707141;1,4660495;-107;-102;0;0,216132044;868,1;14;116;70,53422167;66,2473097;111,713088
2;43,5726;1,4653;43,5707141;1,4660495;-92;-119;-2;0,218222489;868,1;14;133;87,45061476;66,2473097;111,7966949
2;43,5714;1,4686;43,5707141;1,4660495;-111;-100;6;0,219173962;868,1;14;114;68,41282569;66,2473097;111,834484
2;43,5696;1,4683;43,5707141;1,4660495;-115;-103;5;0,219590557;868,1;14;117;71,39633168;66,2473097;111,850978
2;43,5712;1,4687;43,5707141;1,4660495;-105;-94;7;0,220261942;868,1;14;108;62,3698156;66,2473097;111,8774941
2;43,5727;1,4657;43,5707141;1,4660495;-84;-94;1;0,222609853;868,1;14;108;62,27771722;66,2473097;111,9695925
2;43,5713;1,4687;43,5707141;1,4660495;-112;-101;5;0,223249755;868,1;14;115;69,25278507;66,2473097;111,9945246
2;43,5727;1,4665;43,5707141;1,4660495;-89;-93;0;0,223784629;868,1;14;107;61,23199982;66,2473097;112,0153099
2;43,5727;1,4665;43,5707141;1,4660495;-103;-90;4;0,223784629;868,1;14;104;58,23199982;66,2473097;112,0153099
2;43,571;1,4688;43,5707141;1,4660495;-113;-103;5;0,223857996;868,1;14;117;71,22915263;66,2473097;112,0181571
2;43,5687;1,4661;43,5707141;1,4660495;-109;-99;5;0,22399466;868,1;14;113;67,22385157;66,2473097;112,0234581
2;43,5719;1,4683;43,5707141;1,4660495;-112;-95;7;0,224188756;868,1;14;109;63,21632832;66,2473097;112,0309814
2;43,5727;1,4655;43,5707141;1,4660495;-85;-131;-14;0,225215662;868,1;14;145;99,1766331;66,2473097;112,0706766
2;43,5727;1,4666;43,5707141;1,4660495;-110;-97;4;0,225231508;868,1;14;111;65,17602196;66,2473097;112,0712877
2;43,5727;1,4666;43,5707141;1,4660495;-87;-91;1;0,225231508;868,1;14;105;59,17602196;66,2473097;112,0712877
2;43,5711;1,4688;43,5707141;1,4660495;-111;-102;6;0,225705471;868,1;14;116;70,15776313;66,2473097;112,0895466
2;43,5711;1,4688;43,5707141;1,4660495;-109;-100;5;0,225705471;868,1;14;114;68,15776313;66,2473097;112,0895466
2;43,5717;1,4685;43,5707141;1,4660495;-113;-96;7;0,225814937;868,1;14;110;64,15355158;66,2473097;112,0937581
2;43,5714;1,4687;43,5707141;1,4660495;-112;-99;7;0,226744071;868,1;14;113;67,11788609;66,2473097;112,1294236
2;43,5716;1,4686;43,5707141;1,4660495;-113;-97;7;0,22786821;868,1;14;111;65,07493004;66,2473097;112,1723797
2;43,5712;1,4688;43,5707141;1,4660495;-113;-100;6;0,228080665;868,1;14;114;68,06683545;66,2473097;112,1804743
2;43,5707;1,4689;43,5707141;1,4660495;-108;-87;8;0,22965141;868,1;14;101;55,00722257;66,2473097;112,2400871
2;43,5708;1,4689;43,5707141;1,4660495;-113;-101;6;0,229844415;868,1;14;115;68,99992578;66,2473097;112,2473839
2;43,5708;1,4689;43,5707141;1,4660495;-94;-91;7;0,229844415;868,1;14;105;58,99992578;66,2473097;112,2473839
2;43,5715;1,4687;43,5707141;1,4660495;-114;-100;6;0,230721878;868,1;14;114;67,96682932;66,2473097;112,2804804
2;43,5715;1,4687;43,5707141;1,4660495;-113;-96;6;0,230721878;868,1;14;110;63,96682932;66,2473097;112,2804804
2;43,5719;1,4684;43,5707141;1,4660495;-103;-118;-1;0,230752697;868,1;14;132;85,96566918;66,2473097;112,2816405
2;43,5713;1,4688;43,5707141;1,4660495;-114;-99;5;0,230967376;868,1;14;113;66,95759207;66,2473097;112,2897176
2;43,5695;1,4684;43,5707141;1,4660495;-113;-104;5;0,232561913;868,1;14;118;71,89783307;66,2473097;112,3494766
2;43,5728;1,4663;43,5707141;1,4660495;-107;-98;2;0,232817781;868,1;14;112;65,88828197;66,2473097;112,3590277
2;43,5728;1,4663;43,5707141;1,4660495;-109;-96;5;0,232817781;868,1;14;110;63,88828197;66,2473097;112,3590277
2;43,5728;1,4664;43,5707141;1,4660495;-95;-124;-7;0,233653995;868,1;14;138;91,85714067;66,2473097;112,390169
2;43,5728;1,4664;43,5707141;1,4660495;-106;-85;5;0,233653995;868,1;14;99;52,85714067;66,2473097;112,390169
2;43,5686;1,466;43,5707141;1,4660495;-111;-91;7;0,235111017;868,1;14;105;58,80314526;66,2473097;112,4441644
2;43,5712;1,4689;43,5707141;1,4660495;-113;-93;8;0,2359154;868,1;14;107;60,77347905;66,2473097;112,4738306
2;43,572;1,4684;43,5707141;1,4660495;-106;-94;6;0,237282416;868,1;14;108;61,72329375;66,2473097;112,524016
2;43,5728;1,4667;43,5707141;1,4660495;-111;-92;7;0,237788154;868,1;14;106;59,70480058;66,2473097;112,5425091
2;43,5728;1,4667;43,5707141;1,4660495;-105;-89;5;0,237788154;868,1;14;103;56,70480058;66,2473097;112,5425091
2;43,5706;1,469;43,5707141;1,4660495;-113;-82;7;0,238040979;868,1;14;96;49,69557032;66,2473097;112,5517394
2;43,5728;1,4668;43,5707141;1,4660495;-112;-96;6;0,239692508;868,1;14;110;63,63551568;66,2473097;112,611794
2;43,5711;1,469;43,5707141;1,4660495;-112;-101;5;0,241543664;868,1;14;115;68,56869187;66,2473097;112,6786178
2;43,572;1,4685;43,5707141;1,4660495;-99;-126;-9;0,243760054;868,1;14;140;93,48935414;66,2473097;112,7579556
2;43,5729;1,4663;43,5707141;1,4660495;-99;-96;2;0,243897335;868,1;14;110;63,48446377;66,2473097;112,7628459
2;43,5694;1,4685;43,5707141;1,4660495;-110;-105;3;0,245615945;868,1;14;119;72,42347372;66,2473097;112,823836
2;43,5706;1,4691;43,5707141;1,4660495;-114;-93;7;0,246086247;868,1;14;107;60,40685803;66,2473097;112,8404517
2;43,5706;1,4691;43,5707141;1,4660495;-111;-91;6;0,246086247;868,1;14;105;58,40685803;66,2473097;112,8404517
2;43,5705;1,4691;43,5707141;1,4660495;-113;-90;6;0,246909555;868,1;14;104;57,37784695;66,2473097;112,8694627
2;43,5685;1,4663;43,5707141;1,4660495;-109;-99;5;0,247022484;868,1;14;113;66,37387517;66,2473097;112,8734345
2;43,571;1,4691;43,5707141;1,4660495;-113;-94;7;0,247805788;868,1;14;108;61,34637596;66,2473097;112,9009337
2;43,572;1,4686;43,5707141;1,4660495;-112;-92;6;0,250329314;868,1;14;106;59,2583707;66,2473097;112,988939
2;43,5694;1,4686;43,5707141;1,4660495;-109;-98;6;0,252137142;868,1;14;112;65,19586836;66,2473097;113,0514413
2;43,5729;1,4669;43,5707141;1,4660495;-112;-98;6;0,252533888;868,1;14;112;65,18221156;66,2473097;113,0650981
2;43,5729;1,4669;43,5707141;1,4660495;-112;-97;6;0,252533888;868,1;14;111;64,18221156;66,2473097;113,0650981
2;43,5729;1,4669;43,5707141;1,4660495;-112;-95;7;0,252533888;868,1;14;109;62,18221156;66,2473097;113,0650981
2;43,5707;1,4692;43,5707141;1,4660495;-112;-92;7;0,253819919;868,1;14;106;59,13809086;66,2473097;113,1092188
2;43,5706;1,4692;43,5707141;1,4660495;-113;-94;6;0,2541322;868,1;14;108;61,12741096;66,2473097;113,1198987
2;43,5709;1,4692;43,5707141;1,4660495;-113;-91;6;0,254655014;868,1;14;105;58,10956025;66,2473097;113,1377494
2;43,5729;1,467;43,5707141;1,4660495;-113;-95;7;0,254837676;868,1;14;109;62,10333215;66,2473097;113,1439776
2;43,571;1,4692;43,5707141;1,4660495;-113;-94;6;0,255797624;868,1;14;108;61,07067474;66,2473097;113,176635
2;43,5704;1,4692;43,5707141;1,4660495;-114;-83;8;0,256207487;868,1;14;97;50,05676853;66,2473097;113,1905412
2;43,5721;1,4686;43,5707141;1,4660495;-107;-95;6;0,256842742;868,1;14;109;62,03525891;66,2473097;113,2120508
2;43,5684;1,4663;43,5707141;1,4660495;-112;-107;3;0,258106397;868,1;14;121;73,99262952;66,2473097;113,2546802
2;43,5693;1,4686;43,5707141;1,4660495;-112;-104;5;0,258740107;868,1;14;118;70,97132981;66,2473097;113,2759799
2;43,5693;1,4686;43,5707141;1,4660495;-99;-98;3;0,258740107;868,1;14;112;64,97132981;66,2473097;113,2759799
2;43,5684;1,4664;43,5707141;1,4660495;-109;-105;3;0,258860967;868,1;14;119;71,9672735;66,2473097;113,2800362
2;43,5684;1,4664;43,5707141;1,4660495;-109;-102;5;0,258860967;868,1;14;116;68,9672735;66,2473097;113,2800362
2;43,5695;1,4688;43,5707141;1,4660495;-112;-100;7;0,259477274;868,1;14;114;66,94661835;66,2473097;113,3006914
2;43,5707;1,4693;43,5707141;1,4660495;-109;-93;7;0,261876124;868,1;14;107;59,86668678;66,2473097;113,3806229
2;43,5707;1,4693;43,5707141;1,4660495;-113;-82;7;0,261876124;868,1;14;96;48,86668678;66,2473097;113,3806229
2;43,5708;1,4693;43,5707141;1,4660495;-112;-88;7;0,262045362;868,1;14;102;54,86107534;66,2473097;113,3862344
2;43,5722;1,4686;43,5707141;1,4660495;-110;-94;7;0,263664396;868,1;14;108;60,80757509;66,2473097;113,4397346
2;43,5722;1,4686;43,5707141;1,4660495;-108;-91;7;0,263664396;868,1;14;105;57,80757509;66,2473097;113,4397346
2;43,5693;1,4687;43,5707141;1,4660495;-112;-99;6;0,265183347;868,1;14;113;65,75767991;66,2473097;113,4896298
2;43,5695;1,4689;43,5707141;1,4660495;-112;-99;6;0,266390391;868,1;14;113;65,71823375;66,2473097;113,5290759
2;43,573;1,4671;43,5707141;1,4660495;-114;-101;7;0,267899253;868,1;14;115;67,66917483;66,2473097;113,5781349
2;43,573;1,4671;43,5707141;1,4660495;-113;-90;8;0,267899253;868,1;14;104;56,66917483;66,2473097;113,5781349
2;43,5696;1,469;43,5707141;1,4660495;-112;-97;6;0,268049036;868,1;14;111;63,66431987;66,2473097;113,5829898
2;43,573;1,4672;43,5707141;1,4660495;-113;-95;5;0,270552225;868,1;14;109;61,58358269;66,2473097;113,663727
2;43,573;1,4672;43,5707141;1,4660495;-110;-94;0;0,270552225;868,1;14;108;60,58358269;66,2473097;113,663727
2;43,5723;1,4686;43,5707141;1,4660495;-109;-93;6;0,270770948;868,1;14;107;59,57656357;66,2473097;113,6707461
2;43,5692;1,4687;43,5707141;1,4660495;-114;-106;3;0,271924276;868,1;14;120;72,53964525;66,2473097;113,7076644
2;43,5692;1,4687;43,5707141;1,4660495;-108;-99;4;0,271924276;868,1;14;113;65,53964525;66,2473097;113,7076644
2;43,5696;1,4691;43,5707141;1,4660495;-113;-104;4;0,275218608;868,1;14;118;70,435049;66,2473097;113,8122607
2;43,5702;1,4694;43,5707141;1,4660495;-114;-91;8;0,275915721;868,1;14;105;57,41307596;66,2473097;113,8342337
2;43,5697;1,4692;43,5707141;1,4660495;-113;-101;5;0,277738402;868,1;14;115;67,35588622;66,2473097;113,8914235
2;43,5707;1,4695;43,5707141;1,4660495;-112;-91;6;0,277988547;868,1;14;105;57,34806681;66,2473097;113,8992429
2;43,5724;1,4686;43,5707141;1,4660495;-99;-93;1;0,278140609;868,1;14;107;59,34331685;66,2473097;113,9039929
2;43,5731;1,4671;43,5707141;1,4660495;-113;-98;5;0,278471462;868,1;14;112;64,33299098;66,2473097;113,9143187
2;43,5682;1,4665;43,5707141;1,4660495;-111;-118;-1;0,28190138;868,1;14;132;84,22666085;66,2473097;114,0206488
2;43,5682;1,4666;43,5707141;1,4660495;-109;-107;1;0,283051434;868,1;14;121;73,19129769;66,2473097;114,056012
2;43,5731;1,4673;43,5707141;1,4660495;-106;-94;4;0,283783631;868,1;14;108;60,16885804;66,2473097;114,0784517
2;43,5702;1,4695;43,5707141;1,4660495;-112;-96;6;0,283802194;868,1;14;110;62,1682899;66,2473097;114,0790198
2;43,5724;1,4687;43,5707141;1,4660495;-95;-92;1;0,284143964;868,1;14;106;58,15783619;66,2473097;114,0894735
2;43,5697;1,4693;43,5707141;1,4660495;-113;-99;6;0,285119704;868,1;14;113;65,12806025;66,2473097;114,1192494
2;43,5691;1,4688;43,5707141;1,4660495;-113;-104;4;0,285160099;868,1;14;118;70,12682975;66,2473097;114,12048
2;43,5691;1,4688;43,5707141;1,4660495;-106;-99;5;0,285160099;868,1;14;113;65,12682975;66,2473097;114,12048
2;43,5691;1,4688;43,5707141;1,4660495;-110;-97;6;0,285160099;868,1;14;111;63,12682975;66,2473097;114,12048
2;43,5708;1,4696;43,5707141;1,4660495;-113;-89;7;0,286199646;868,1;14;103;55,09522302;66,2473097;114,1520867
2;43,5701;1,4695;43,5707141;1,4660495;-113;-97;7;0,286249477;868,1;14;111;63,09371085;66,2473097;114,1535988
2;43,5709;1,4696;43,5707141;1,4660495;-112;-100;6;0,286785928;868,1;14;114;66,07744813;66,2473097;114,1698616
2;43,5732;1,467;43,5707141;1,4660495;-110;-103;3;0,286829717;868,1;14;117;69,07612197;66,2473097;114,1711877
2;43,571;1,4696;43,5707141;1,4660495;-112;-100;6;0,287800955;868,1;14;114;66,04676025;66,2473097;114,2005494
2;43,5698;1,4694;43,5707141;1,4660495;-113;-101;7;0,288432747;868,1;14;115;67,02771356;66,2473097;114,2195961
2;43,5732;1,4671;43,5707141;1,4660495;-93;-91;6;0,289084732;868,1;14;105;57,00810177;66,2473097;114,2392079
2;43,5711;1,4696;43,5707141;1,4660495;-112;-99;6;0,289240184;868,1;14;113;65,00343229;66,2473097;114,2438774
2;43,5712;1,4696;43,5707141;1,4660495;-113;-104;5;0,291097353;868,1;14;118;69,94783974;66,2473097;114,29947
2;43,5712;1,4696;43,5707141;1,4660495;-111;-102;4;0,291097353;868,1;14;116;67,94783974;66,2473097;114,29947
2;43,5732;1,4672;43,5707141;1,4660495;-95;-123;-6;0,291544986;868,1;14;137;88,93449333;66,2473097;114,3128164
2;43,5699;1,4695;43,5707141;1,4660495;-113;-101;6;0,292353832;868,1;14;115;66,91042906;66,2473097;114,3368806
2;43,5713;1,4696;43,5707141;1,4660495;-113;-101;6;0,293364541;868,1;14;115;66,88045248;66,2473097;114,3668572
2;43,5732;1,4673;43,5707141;1,4660495;-91;-95;0;0,294205331;868,1;14;109;60,85559412;66,2473097;114,3917156
2;43,5698;1,4695;43,5707141;1,4660495;-113;-98;6;0,29598594;868,1;14;112;63,80318324;66,2473097;114,4441265
2;43,5714;1,4696;43,5707141;1,4660495;-105;-104;2;0,296032251;868,1;14;118;69,80182433;66,2473097;114,4454854
2;43,5724;1,4689;43,5707141;1,4660495;-107;-92;3;0,296442913;868,1;14;106;57,78978343;66,2473097;114,4575263
2;43,57;1,4696;43,5707141;1,4660495;-113;-94;7;0,296858791;868,1;14;108;59,7776066;66,2473097;114,4697031
2;43,5733;1,467;43,5707141;1,4660495;-94;-120;-3;0,297560437;868,1;14;134;85,75710111;66,2473097;114,4902086
2;43,569;1,4689;43,5707141;1,4660495;-114;-104;4;0,298440732;868,1;14;118;69,73144293;66,2473097;114,5158668
2;43,5715;1,4696;43,5707141;1,4660495;-113;-105;5;0,299089856;868,1;14;119;70,71257121;66,2473097;114,5347385
2;43,5733;1,4671;43,5707141;1,4660495;-98;-122;-5;0,299734717;868,1;14;136;87,69386392;66,2473097;114,5534458
2;43,5733;1,4671;43,5707141;1,4660495;-104;-91;5;0,299734717;868,1;14;105;56,69386392;66,2473097;114,5534458
2;43,5699;1,4696;43,5707141;1,4660495;-113;-96;7;0,300024667;868,1;14;110;61,68546564;66,2473097;114,5618441
2;43,5733;1,4672;43,5707141;1,4660495;-96;-121;-4;0,302108239;868,1;14;135;86,62535349;66,2473097;114,6219562
2;43,5716;1,4696;43,5707141;1,4660495;-113;-102;5;0,302525475;868,1;14;116;67,61336586;66,2473097;114,6339438
2;43,5724;1,469;43,5707141;1,4660495;-102;-93;4;0,302726635;868,1;14;107;58,60759221;66,2473097;114,6397175
2;43,5689;1,4689;43,5707141;1,4660495;-112;-107;1;0,305662116;868,1;14;121;72,52377257;66,2473097;114,7235371
2;43,5717;1,4696;43,5707141;1,4660495;-112;-103;5;0,306326433;868,1;14;117;68,5049154;66,2473097;114,7423943
2;43,5724;1,4691;43,5707141;1,4660495;-109;-95;6;0,309092594;868,1;14;109;60,4268329;66,2473097;114,8204768
2;43,5718;1,4696;43,5707141;1,4660495;-113;-101;6;0,31047927;868,1;14;115;66,3879527;66,2473097;114,859357
2;43,5718;1,4696;43,5707141;1,4660495;-113;-100;6;0,31047927;868,1;14;114;65,3879527;66,2473097;114,859357
2;43,5719;1,4696;43,5707141;1,4660495;-114;-107;3;0,314970125;868,1;14;121;72,26321763;66,2473097;114,9840921
2;43,5724;1,4692;43,5707141;1,4660495;-97;-94;1;0,315535826;868,1;14;108;59,24763135;66,2473097;114,9996783
2;43,5679;1,4668;43,5707141;1,4660495;-110;-119;-2;0,318701853;868,1;14;133;84,16091309;66,2473097;115,0863966
2;43,5688;1,469;43,5707141;1,4660495;-113;-105;3;0,319067904;868,1;14;119;70,15094248;66,2473097;115,0963672
2;43,5724;1,4693;43,5707141;1,4660495;-88;-122;-5;0,322051694;868,1;14;136;87,07009312;66,2473097;115,1772166
2;43,5688;1,4691;43,5707141;1,4660495;-114;-108;1;0,325114407;868,1;14;122;72,98788056;66,2473097;115,2594291
2;43,5688;1,4691;43,5707141;1,4660495;-107;-97;6;0,325114407;868,1;14;111;61,98788056;66,2473097;115,2594291
2;43,5722;1,4696;43,5707141;1,4660495;-113;-100;6;0,330327516;868,1;14;114;64,84970985;66,2473097;115,3975999
2;43,5724;1,4695;43,5707141;1,4660495;-108;-104;1;0,335284311;868,1;14;118;68,72034025;66,2473097;115,5269694
2;43,5724;1,4695;43,5707141;1,4660495;-111;-101;4;0,335284311;868,1;14;115;65,72034025;66,2473097;115,5269694
2;43,5723;1,4696;43,5707141;1,4660495;-110;-101;4;0,336027078;868,1;14;115;65,70111937;66,2473097;115,5461903
2;43,5687;1,4692;43,5707141;1,4660495;-113;-108;2;0,338498578;868,1;14;122;72,63746791;66,2473097;115,6098418
2;43,5687;1,4692;43,5707141;1,4660495;-114;-108;3;0,338498578;868,1;14;122;72,63746791;66,2473097;115,6098418
2;43,5687;1,4692;43,5707141;1,4660495;-110;-107;3;0,338498578;868,1;14;121;71,63746791;66,2473097;115,6098418
2;43,5687;1,4692;43,5707141;1,4660495;-113;-103;7;0,338498578;868,1;14;117;67,63746791;66,2473097;115,6098418
2;43,5687;1,4692;43,5707141;1,4660495;-111;-101;4;0,338498578;868,1;14;115;65,63746791;66,2473097;115,6098418
2;43,5677;1,467;43,5707141;1,4660495;-106;-109;0;0,343789749;868,1;14;123;73,50274641;66,2473097;115,7445633
2;43,5686;1,4692;43,5707141;1,4660495;-113;-107;4;0,345956119;868,1;14;121;71,44818456;66,2473097;115,7991251
2;43,5686;1,4693;43,5707141;1,4660495;-107;-102;4;0,351909553;868,1;14;116;66,29998375;66,2473097;115,947326
2;43,5685;1,4693;43,5707141;1,4660495;-112;-107;1;0,359432849;868,1;14;121;71,11624957;66,2473097;116,1310601
2;43,5685;1,4693;43,5707141;1,4660495;-113;-106;4;0,359432849;868,1;14;120;70,11624957;66,2473097;116,1310601
2;43,5685;1,4693;43,5707141;1,4660495;-110;-101;5;0,359432849;868,1;14;115;65,11624957;66,2473097;116,1310601
2;43,5684;1,4694;43,5707141;1,4660495;-113;-106;2;0,372928133;868,1;14;120;69,79610192;66,2473097;116,4512078
2;43,5684;1,4694;43,5707141;1,4660495;-109;-101;5;0,372928133;868,1;14;115;64,79610192;66,2473097;116,4512078
2;43,5675;1,4674;43,5707141;1,4660495;-104;-122;-5;0,373586718;868,1;14;136;85,78077632;66,2473097;116,4665334
2;43,5684;1,4695;43,5707141;1,4660495;-112;-105;4;0,378800381;868,1;14;119;68,66039674;66,2473097;116,586913
2;43,5684;1,4695;43,5707141;1,4660495;-110;-105;2;0,378800381;868,1;14;119;68,66039674;66,2473097;116,586913
2;43,5674;1,4673;43,5707141;1,4660495;-111;-122;-5;0,382034632;868,1;14;136;85,5865502;66,2473097;116,6607595
2;43,5685;1,4698;43,5707141;1,4660495;-114;-102;5;0,389759765;868,1;14;116;65,41266478;66,2473097;116,8346449
2;43,5684;1,4697;43,5707141;1,4660495;-113;-108;2;0,390778504;868,1;14;122;71,38999157;66,2473097;116,8573181
2;43,5683;1,4696;43,5707141;1,4660495;-114;-106;4;0,392275569;868,1;14;120;69,35677965;66,2473097;116,89053
2;43,5683;1,4696;43,5707141;1,4660495;-107;-104;4;0,392275569;868,1;14;118;67,35677965;66,2473097;116,89053
2;43,5685;1,4699;43,5707141;1,4660495;-114;-107;3;0,396038204;868,1;14;121;70,27386322;66,2473097;116,9734465
2;43,5684;1,4698;43,5707141;1,4660495;-113;-106;4;0,396877351;868,1;14;120;69,25547857;66,2473097;116,9918311
2;43,5682;1,4696;43,5707141;1,4660495;-112;-107;3;0,399967041;868,1;14;121;70,18812077;66,2473097;117,0591889
2;43,5685;1,47;43,5707141;1,4660495;-113;-103;5;0,402379988;868,1;14;117;66,13587742;66,2473097;117,1114323
2;43,5672;1,4674;43,5707141;1,4660495;-109;-127;-10;0,405615524;868,1;14;141;90,06631351;66,2473097;117,1809962
2;43,5682;1,4697;43,5707141;1,4660495;-112;-106;2;0,405767924;868,1;14;120;69,06305063;66,2473097;117,1842591
2;43,5682;1,4697;43,5707141;1,4660495;-111;-106;3;0,405767924;868,1;14;120;69,06305063;66,2473097;117,1842591
2;43,5684;1,47;43,5707141;1,4660495;-113;-105;4;0,40927817;868,1;14;119;67,98823325;66,2473097;117,2590765
2;43,5683;1,4699;43,5707141;1,4660495;-112;-106;4;0,410233427;868,1;14;120;68,96798397;66,2473097;117,2793257
2;43,5683;1,4699;43,5707141;1,4660495;-113;-106;4;0,410233427;868,1;14;120;68,96798397;66,2473097;117,2793257
2;43,5672;1,4677;43,5707141;1,4660495;-107;-126;-9;0,412756186;868,1;14;140;88,91473307;66,2473097;117,3325766
2;43,5671;1,4674;43,5707141;1,4660495;-112;-125;-8;0,416338227;868,1;14;139;87,83967911;66,2473097;117,4076306
2;43,5683;1,47;43,5707141;1,4660495;-111;-109;0;0,416359073;868,1;14;123;71,83924421;66,2473097;117,4080655
2;43,5682;1,4699;43,5707141;1,4660495;-109;-120;-3;0,417594316;868,1;14;134;82,8135133;66,2473097;117,4337964
2;43,5682;1,4699;43,5707141;1,4660495;-112;-107;3;0,417594316;868,1;14;121;69,8135133;66,2473097;117,4337964
2;43,567;1,4676;43,5707141;1,4660495;-110;-126;-9;0,431467665;868,1;14;140;88,52963978;66,2473097;117,7176699
2;43,5669;1,4677;43,5707141;1,4660495;-109;-128;-11;0,44446619;868,1;14;142;90,27183027;66,2473097;117,9754794
2;43,5669;1,4679;43,5707141;1,4660495;-108;-123;-6;0,449549892;868,1;14;137;85,17304692;66,2473097;118,0742628
2;43,5668;1,4679;43,5707141;1,4660495;-110;-128;-11;0,460054926;868,1;14;142;89,97241117;66,2473097;118,2748985
2;43,5665;1,4682;43,5707141;1,4660495;-110;-123;-6;0,499591411;868,1;14;137;84,25630561;66,2473097;118,9910041
2;43,5663;1,4684;43,5707141;1,4660495;-111;-130;-13;0,526090462;868,1;14;144;90,80739632;66,2473097;119,4399134
2;43,5662;1,4685;43,5707141;1,4660495;-111;-130;-13;0,539376163;868,1;14;144;90,59076988;66,2473097;119,6565398
2;43,5662;1,4685;43,5707141;1,4660495;-110;-130;-13;0,539376163;868,1;14;144;90,59076988;66,2473097;119,6565398
2;43,5662;1,4685;43,5707141;1,4660495;-111;-129;-12;0,539376163;868,1;14;143;89,59076988;66,2473097;119,6565398
2;43,566;1,4687;43,5707141;1,4660495;-110;-125;-8;0,566011428;868,1;14;139;85,17210088;66,2473097;120,0752088
2;43,5693;1,4729;43,5707141;1,4660495;-110;-124;-7;0,57386854;868,1;14;138;84,05235653;66,2473097;120,1949532
2;43,5658;1,4689;43,5707141;1,4660495;-110;-124;-7;0,592722266;868,1;14;138;83,77158003;66,2473097;120,4757297
2;43,5698;1,4734;43,5707141;1,4660495;-110;-121;-4;0,600845674;868,1;14;135;80,65334611;66,2473097;120,5939636
2;43,5656;1,4691;43,5707141;1,4660495;-110;-123;-6;0,619498932;868,1;14;137;82,38779363;66,2473097;120,8595161
2;43,5655;1,4692;43,5707141;1,4660495;-110;-125;-8;0,632909324;868,1;14;139;84,201775;66,2473097;121,0455347
2;43,5655;1,4692;43,5707141;1,4660495;-110;-124;-7;0,632909324;868,1;14;138;83,201775;66,2473097;121,0455347
2;43,5654;1,4693;43,5707141;1,4660495;-110;-125;-8;0,646333216;868,1;14;139;84,01947536;66,2473097;121,2278343
2;43,5653;1,4694;43,5707141;1,4660495;-108;-129;-12;0,659769777;868,1;14;143;87,84075653;66,2473097;121,4065532
2;43,5651;1,4694;43,5707141;1,4660495;-110;-128;-11;0,680123247;868,1;14;142;86,57685249;66,2473097;121,6704572
2;43,565;1,4694;43,5707141;1,4660495;-100;-127;-10;0,690343599;868,1;14;141;85,44729883;66,2473097;121,8000109
2;43,565;1,4694;43,5707141;1,4660495;-109;-127;-10;0,690343599;868,1;14;141;85,44729883;66,2473097;121,8000109
2;43,565;1,4694;43,5707141;1,4660495;-104;-125;-8;0,690343599;868,1;14;139;83,44729883;66,2473097;121,8000109
2;43,5651;1,4702;43,5707141;1,4660495;-110;-130;-13;0,708180233;868,1;14;144;88,22572887;66,2473097;122,0215808
2;43,5652;1,4707;43,5707141;1,4660495;-108;-130;-13;0,718556679;868,1;14;144;88,09938427;66,2473097;122,1479254
2;43,5654;1,4712;43,5707141;1,4660495;-111;-128;-11;0,722049805;868,1;14;142;86,05726178;66,2473097;122,1900479
2;43,5653;1,4718;43,5707141;1,4660495;-109;-130;-13;0,759655337;868,1;14;144;87,61627301;66,2473097;122,6310367
2;43,5668;1,4748;43,5707141;1,4660495;-111;-130;-13;0,828516011;868,1;14;144;86,86258677;66,2473097;123,3847229
2;43,5667;1,4751;43,5707141;1,4660495;-110;-131;-14;0,854930179;868,1;14;145;87,58999191;66,2473097;123,6573178
2;43,5667;1,4752;43,5707141;1,4660495;-109;-134;-17;0,861811864;868,1;14;148;90,52035551;66,2473097;123,7269542
2;43,5643;1,4743;43,5707141;1,4660495;-110;-134;-17;0,974953351;868,1;14;148;89,44892815;66,2473097;124,7983815
0;43,5707;1,4662;43,5707141;1,4660495;-110;-76;6;0,012225661;868,1;14;90;69,48315763;79,99315297;100,5099953
0;43,5707;1,4663;43,5707141;1,4660495;-110;-92;6;0,020241933;868,1;14;106;81,10356514;79,99315297;104,8895878
0;43,5707;1,4663;43,5707141;1,4660495;-111;-86;8;0,020241933;868,1;14;100;75,10356514;79,99315297;104,8895878
0;43,5707;1,4663;43,5707141;1,4660495;-110;-84;6;0,020241933;868,1;14;98;73,10356514;79,99315297;104,8895878
0;43,5706;1,4663;43,5707141;1,4660495;-108;-84;6;0,023838025;868,1;14;98;71,68319961;79,99315297;106,3099534
0;43,5706;1,4663;43,5707141;1,4660495;-110;-74;7;0,023838025;868,1;14;88;61,68319961;79,99315297;106,3099534
0;43,5707;1,4664;43,5707141;1,4660495;-111;-87;7;0,028280841;868,1;14;101;73,1987584;79,99315297;107,7943946
0;43,5707;1,4664;43,5707141;1,4660495;-109;-80;6;0,028280841;868,1;14;94;66,1987584;79,99315297;107,7943946
0;43,5705;1,4663;43,5707141;1,4660495;-111;-79;7;0,031209609;868,1;14;93;64,34283826;79,99315297;108,6503147
0;43,5705;1,4663;43,5707141;1,4660495;-107;-77;6;0,031209609;868,1;14;91;62,34283826;79,99315297;108,6503147
0;43,5705;1,4663;43,5707141;1,4660495;-111;-77;5;0,031209609;868,1;14;91;62,34283826;79,99315297;108,6503147
0;43,5705;1,4663;43,5707141;1,4660495;-109;-76;7;0,031209609;868,1;14;90;61,34283826;79,99315297;108,6503147
0;43,5705;1,4663;43,5707141;1,4660495;-87;-74;6;0,031209609;868,1;14;88;59,34283826;79,99315297;108,6503147
0;43,5705;1,4663;43,5707141;1,4660495;-109;-74;8;0,031209609;868,1;14;88;59,34283826;79,99315297;108,6503147
0;43,5705;1,4663;43,5707141;1,4660495;-112;-68;5;0,031209609;868,1;14;82;53,34283826;79,99315297;108,6503147
0;43,5707;1,4665;43,5707141;1,4660495;-109;-92;8;0,036327609;868,1;14;106;76,02386853;79,99315297;109,9692844
0;43,5707;1,4665;43,5707141;1,4660495;-109;-88;9;0,036327609;868,1;14;102;72,02386853;79,99315297;109,9692844
0;43,5707;1,4665;43,5707141;1,4660495;-110;-86;8;0,036327609;868,1;14;100;70,02386853;79,99315297;109,9692844
0;43,5705;1,4664;43,5707141;1,4660495;-113;-85;6;0,03693398;868,1;14;99;68,8800828;79,99315297;110,1130702
0;43,5705;1,4664;43,5707141;1,4660495;-111;-82;9;0,03693398;868,1;14;96;65,8800828;79,99315297;110,1130702
0;43,5705;1,4664;43,5707141;1,4660495;-111;-81;8;0,03693398;868,1;14;95;64,8800828;79,99315297;110,1130702
0;43,5705;1,4664;43,5707141;1,4660495;-110;-80;8;0,03693398;868,1;14;94;63,8800828;79,99315297;110,1130702
0;43,5705;1,4664;43,5707141;1,4660495;-112;-80;7;0,03693398;868,1;14;94;63,8800828;79,99315297;110,1130702
0;43,5705;1,4664;43,5707141;1,4660495;-112;-77;9;0,03693398;868,1;14;91;60,8800828;79,99315297;110,1130702
0;43,5705;1,4665;43,5707141;1,4660495;-111;-76;7;0,043405162;868,1;14;90;58,47777733;79,99315297;111,5153756
0;43,5705;1,4665;43,5707141;1,4660495;-112;-75;7;0,043405162;868,1;14;89;57,47777733;79,99315297;111,5153756
0;43,5705;1,4665;43,5707141;1,4660495;-114;-71;6;0,043405162;868,1;14;85;53,47777733;79,99315297;111,5153756
0;43,5705;1,4665;43,5707141;1,4660495;-111;-70;7;0,043405162;868,1;14;84;52,47777733;79,99315297;111,5153756
0;43,5707;1,4666;43,5707141;1,4660495;-109;-90;8;0,044377759;868,1;14;104;72,2852976;79,99315297;111,7078554
0;43,5704;1,4664;43,5707141;1,4660495;-108;-84;8;0,044913327;868,1;14;98;66,18110041;79,99315297;111,8120526
0;43,5704;1,4664;43,5707141;1,4660495;-110;-84;8;0,044913327;868,1;14;98;66,18110041;79,99315297;111,8120526
0;43,5704;1,4664;43,5707141;1,4660495;-112;-79;6;0,044913327;868,1;14;93;61,18110041;79,99315297;111,8120526
0;43,5704;1,4664;43,5707141;1,4660495;-111;-79;7;0,044913327;868,1;14;93;61,18110041;79,99315297;111,8120526
0;43,5704;1,4664;43,5707141;1,4660495;-110;-78;7;0,044913327;868,1;14;92;60,18110041;79,99315297;111,8120526
0;43,5704;1,4664;43,5707141;1,4660495;-111;-77;8;0,044913327;868,1;14;91;59,18110041;79,99315297;111,8120526
0;43,5704;1,4664;43,5707141;1,4660495;-110;-77;7;0,044913327;868,1;14;91;59,18110041;79,99315297;111,8120526
0;43,5704;1,4664;43,5707141;1,4660495;-109;-75;7;0,044913327;868,1;14;89;57,18110041;79,99315297;111,8120526
0;43,5704;1,4664;43,5707141;1,4660495;-110;-67;8;0,044913327;868,1;14;81;49,18110041;79,99315297;111,8120526
0;43,5709;1,4666;43,5707141;1,4660495;-105;-93;7;0,048930835;868,1;14;107;74,43695232;79,99315297;112,5562007
0;43,5704;1,4665;43,5707141;1,4660495;-112;-72;9;0,050369595;868,1;14;86;53,18523567;79,99315297;112,8079173
0;43,5706;1,4667;43,5707141;1,4660495;-113;-82;7;0,053920408;868,1;14;96;62,59354151;79,99315297;113,3996115
0;43,571;1,4666;43,5707141;1,4660495;-103;-99;4;0,054567072;868,1;14;113;79,4899919;79,99315297;113,5031611
0;43,5703;1,4665;43,5707141;1,4660495;-110;-77;7;0,058629906;868,1;14;91;56,86622086;79,99315297;114,1269321
0;43,5703;1,4665;43,5707141;1,4660495;-110;-72;5;0,058629906;868,1;14;86;51,86622086;79,99315297;114,1269321
0;43,5707;1,4668;43,5707141;1,4660495;-112;-83;7;0,060483099;868,1;14;97;62,5959242;79,99315297;114,3972288
0;43,5711;1,4667;43,5707141;1,4660495;-104;-96;6;0,067732593;868,1;14;110;74,61265086;79,99315297;115,3805021
0;43,5711;1,4667;43,5707141;1,4660495;-103;-92;6;0,067732593;868,1;14;106;70,61265086;79,99315297;115,3805021
0;43,5711;1,4667;43,5707141;1,4660495;-103;-89;6;0,067732593;868,1;14;103;67,61265086;79,99315297;115,3805021
0;43,5711;1,4667;43,5707141;1,4660495;-102;-87;8;0,067732593;868,1;14;101;65,61265086;79,99315297;115,3805021
0;43,5711;1,4667;43,5707141;1,4660495;-104;-87;8;0,067732593;868,1;14;101;65,61265086;79,99315297;115,3805021
0;43,5711;1,4667;43,5707141;1,4660495;-103;-87;8;0,067732593;868,1;14;101;65,61265086;79,99315297;115,3805021
0;43,5711;1,4667;43,5707141;1,4660495;-103;-87;8;0,067732593;868,1;14;101;65,61265086;79,99315297;115,3805021
0;43,5711;1,4667;43,5707141;1,4660495;-102;-86;8;0,067732593;868,1;14;100;64,61265086;79,99315297;115,3805021
0;43,5711;1,4667;43,5707141;1,4660495;-104;-85;8;0,067732593;868,1;14;99;63,61265086;79,99315297;115,3805021
0;43,5707;1,4669;43,5707141;1,4660495;-111;-81;8;0,068537105;868,1;14;95;59,51008978;79,99315297;115,4830632
0;43,5703;1,4668;43,5707141;1,4660495;-105;-89;8;0,07599996;868,1;14;103;66,61233754;79,99315297;116,3808154
0;43,5708;1,467;43,5707141;1,4660495;-110;-86;5;0,077168909;868,1;14;100;63,47975767;79,99315297;116,5133953
0;43,5708;1,4671;43,5707141;1,4660495;-109;-87;8;0,08516908;868,1;14;101;63,62296579;79,99315297;117,3701872
0;43,5707;1,4672;43,5707141;1,4660495;-112;-78;7;0,092701487;868,1;14;92;53,88687087;79,99315297;118,1062821
0;43,5707;1,4672;43,5707141;1,4660495;-111;-78;8;0,092701487;868,1;14;92;53,88687087;79,99315297;118,1062821
0;43,5707;1,4672;43,5707141;1,4660495;-111;-76;7;0,092701487;868,1;14;90;51,88687087;79,99315297;118,1062821
0;43,5706;1,4673;43,5707141;1,4660495;-110;-86;7;0,101540391;868,1;14;100;61,09582824;79,99315297;118,8973247
0;43,5705;1,4674;43,5707141;1,4660495;-111;-89;7;0,111375209;868,1;14;103;63,29283422;79,99315297;119,7003187
0;43,5704;1,4675;43,5707141;1,4660495;-112;-89;8;0,121965369;868,1;14;103;62,50387418;79,99315297;120,4892788
0;43,5702;1,4677;43,5707141;1,4660495;-113;-95;5;0,14473779;868,1;14;109;67,01696614;79,99315297;121,9761868
0;43,5698;1,4674;43,5707141;1,4660495;-112;-101;6;0,148893175;868,1;14;115;72,77110905;79,99315297;122,2220439
0;43,57;1,4677;43,5707141;1,4660495;-111;-99;7;0,154874973;868,1;14;113;70,42898;79,99315297;122,564173
0;43,5701;1,4678;43,5707141;1,4660495;-112;-94;7;0,156688977;868,1;14;108;65,327836;79,99315297;122,665317
0;43,5726;1,4658;43,5707141;1,4660495;-90;-130;-13;0,21066363;868,1;14;144;98,75681363;79,99315297;125,2363393
0;43,5678;1,4669;43,5707141;1,4660495;-109;-118;-1;0,33119871;868,1;14;132;82,82683214;79,99315297;129,1663208
0;43,5677;1,4687;43,5707141;1,4660495;-109;-127;-10;0,397399112;868,1;14;141;90,24406703;79,99315297;130,7490859
0;43,568;1,4693;43,5707141;1,4660495;-106;-125;-8;0,399574076;868,1;14;139;88,19665881;79,99315297;130,7964942
0;43,5678;1,469;43,5707141;1,4660495;-107;-134;-17;0,4018739;868,1;14;148;97,14680885;79,99315297;130,8463441
0;43,5676;1,4686;43,5707141;1,4660495;-110;-125;-8;0,402650426;868,1;14;139;88,13004162;79,99315297;130,8631113
0;43,5677;1,4689;43,5707141;1,4660495;-110;-127;-10;0,406284656;868,1;14;141;90,05199646;79,99315297;130,9411565
0;43,5678;1,4691;43,5707141;1,4660495;-110;-127;-10;0,406691215;868,1;14;141;90,04330904;79,99315297;130,9498439
0;43,5675;1,4685;43,5707141;1,4660495;-109;-122;-5;0,408296177;868,1;14;136;85,0090986;79,99315297;130,9840544
0;43,5674;1,4683;43,5707141;1,4660495;-110;-126;-9;0,410700413;868,1;14;140;88,95810208;79,99315297;131,0350509
0;43,5679;1,4694;43,5707141;1,4660495;-110;-122;-5;0,413254563;868,1;14;136;84,90425173;79,99315297;131,0889012
0;43,5673;1,4681;43,5707141;1,4660495;-106;-126;-9;0,414017417;868,1;14;140;88,88823265;79,99315297;131,1049203
0;43,5673;1,4681;43,5707141;1,4660495;-108;-124;-7;0,414017417;868,1;14;138;86,88823265;79,99315297;131,1049203
0;43,5672;1,4679;43,5707141;1,4660495;-106;-132;-15;0,418225493;868,1;14;146;94,80039485;79,99315297;131,1927581
0;43,5672;1,4679;43,5707141;1,4660495;-109;-125;-8;0,418225493;868,1;14;139;87,80039485;79,99315297;131,1927581
0;43,5678;1,4694;43,5707141;1,4660495;-108;-124;-7;0,421736873;868,1;14;138;86,7277734;79,99315297;131,2653796
0;43,567;1,4679;43,5707141;1,4660495;-109;-127;-10;0,439075137;868,1;14;141;89,37782796;79,99315297;131,615325
0;43,5667;1,4681;43,5707141;1,4660495;-111;-127;-10;0,475938496;868,1;14;141;88,6775882;79,99315297;132,3155648
0;43,5665;1,4684;43,5707141;1,4660495;-108;-126;-9;0,505405479;868,1;14;140;87,15580595;79,99315297;132,837347
0;43,5667;1,4692;43,5707141;1,4660495;-110;-129;-12;0,513471038;868,1;14;143;90,01828583;79,99315297;132,9748671
0;43,5666;1,469;43,5707141;1,4660495;-110;-126;-9;0,515540863;868,1;14;140;86,983343;79,99315297;133,00981
0;43,5667;1,4693;43,5707141;1,4660495;-109;-127;-10;0,517501061;868,1;14;141;87,95037999;79,99315297;133,042773
0;43,5665;1,4688;43,5707141;1,4660495;-109;-124;-7;0,518342337;868,1;14;138;84,93627123;79,99315297;133,0568817
0;43,5665;1,4689;43,5707141;1,4660495;-110;-128;-11;0,52183746;868,1;14;142;88,87789985;79,99315297;133,1152531
0;43,5664;1,4686;43,5707141;1,4660495;-110;-128;-11;0,521863677;868,1;14;142;88,87746348;79,99315297;133,1156895
0;43,5666;1,4692;43,5707141;1,4660495;-111;-128;-11;0,52316592;868,1;14;142;88,85581596;79,99315297;133,137337
0;43,5664;1,4687;43,5707141;1,4660495;-111;-125;-8;0,525088215;868,1;14;139;85,82395946;79,99315297;133,1691935
0;43,5663;1,4685;43,5707141;1,4660495;-110;-128;-11;0,529043922;868,1;14;142;88,75877028;79,99315297;133,2343827
0;43,5661;1,4687;43,5707141;1,4660495;-111;-127;-10;0,555729406;868,1;14;141;87,33133732;79,99315297;133,6618156
0;43,5692;1,4728;43,5707141;1,4660495;-109;-120;-3;0,569313819;868,1;14;134;80,12157036;79,99315297;133,8715826
0;43,5688;1,4727;43,5707141;1,4660495;-110;-123;-6;0,576521445;868,1;14;137;83,01229554;79,99315297;133,9808574
0;43,5696;1,4731;43,5707141;1,4660495;-109;-121;-4;0,581369828;868,1;14;135;80,93955509;79,99315297;134,0535979
0;43,5685;1,4727;43,5707141;1,4660495;-110;-123;-6;0,589653384;868,1;14;137;82,81666896;79,99315297;134,176484
0;43,5658;1,4689;43,5707141;1,4660495;-110;-124;-7;0,592722266;868,1;14;138;83,77158003;79,99315297;134,2215729
0;43,57;1,4734;43,5707141;1,4660495;-110;-122;-5;0,597484769;868,1;14;136;81,7020681;79,99315297;134,2910849
0;43,5683;1,4728;43,5707141;1,4660495;-109;-123;-6;0,606494164;868,1;14;137;82,57207235;79,99315297;134,4210806
0;43,5704;1,4738;43,5707141;1,4660495;-109;-123;-6;0,625384472;868,1;14;137;82,305663;79,99315297;134,68749
0;43,568;1,4729;43,5707141;1,4660495;-109;-127;-10;0,629036363;868,1;14;141;86,25508984;79,99315297;134,7380631
0;43,5655;1,4692;43,5707141;1,4660495;-112;-126;-9;0,632909324;868,1;14;140;85,201775;79,99315297;134,791378
0;43,5705;1,474;43,5707141;1,4660495;-111;-125;-8;0,64096289;868,1;14;139;84,09194716;79,99315297;134,9012058
0;43,5678;1,473;43,5707141;1,4660495;-109;-126;-9;0,64696479;868,1;14;140;85,01099197;79,99315297;134,982161
0;43,5707;1,4741;43,5707141;1,4660495;-112;-128;-11;0,648577793;868,1;14;142;86,98936338;79,99315297;135,0037896
0;43,5653;1,4695;43,5707141;1,4660495;-109;-120;-3;0,663106876;868,1;14;134;78,79693425;79,99315297;135,1962187
0;43,5708;1,4744;43,5707141;1,4660495;-110;-129;-12;0,67281217;868,1;14;143;87,6707281;79,99315297;135,3224249
0;43,571;1,4744;43,5707141;1,4660495;-109;-132;-15;0,673493968;868,1;14;146;90,66193067;79,99315297;135,3312223
0;43,5709;1,4745;43,5707141;1,4660495;-111;-131;-14;0,681113889;868,1;14;145;89,56421014;79,99315297;135,4289428
0;43,5709;1,4745;43,5707141;1,4660495;-110;-130;-13;0,681113889;868,1;14;144;88,56421014;79,99315297;135,4289428
0;43,5652;1,4698;43,5707141;1,4660495;-110;-130;-13;0,683553548;868,1;14;144;88,53315404;79,99315297;135,4599989
0;43,5713;1,4745;43,5707141;1,4660495;-110;-124;-7;0,683908009;868,1;14;138;82,52865108;79,99315297;135,4645019
0;43,5653;1,4702;43,5707141;1,4660495;-111;-127;-10;0,688656411;868,1;14;141;85,46855297;79,99315297;135,5246
0;43,5709;1,4746;43,5707141;1,4660495;-110;-131;-14;0,689166545;868,1;14;145;89,46212113;79,99315297;135,5310318
0;43,565;1,4694;43,5707141;1,4660495;-110;-127;-10;0,690343599;868,1;14;141;85,44729883;79,99315297;135,5458541
0;43,5655;1,4708;43,5707141;1,4660495;-110;-126;-9;0,694716617;868,1;14;140;84,39245114;79,99315297;135,6007018
0;43,5674;1,4734;43,5707141;1,4660495;-109;-130;-13;0,697494499;868,1;14;144;88,35778913;79,99315297;135,6353638
0;43,5711;1,4748;43,5707141;1,4660495;-107;-127;-10;0,706272686;868,1;14;141;85,24915666;79,99315297;135,7439963
0;43,5648;1,4697;43,5707141;1,4660495;-109;-127;-10;0,720390673;868,1;14;141;85,07724325;79,99315297;135,9159097
0;43,5655;1,4714;43,5707141;1,4660495;-110;-128;-11;0,722475395;868,1;14;142;86,05214366;79,99315297;135,9410093
0;43,5671;1,4739;43,5707141;1,4660495;-109;-131;-14;0,749354911;868,1;14;145;88,73485371;79,99315297;136,2582993
0;43,5655;1,4721;43,5707141;1,4660495;-110;-131;-14;0,757478469;868,1;14;145;88,64119902;79,99315297;136,3519539
0;43,5671;1,4742;43,5707141;1,4660495;-109;-138;-21;0,769864171;868,1;14;152;95,50032271;79,99315297;136,4928303
0;43,5653;1,4724;43,5707141;1,4660495;-108;-134;-17;0,79006654;868,1;14;148;91,27533149;79,99315297;136,7178215
0;43,5655;1,4728;43,5707141;1,4660495;-111;-135;-18;0,794945138;868,1;14;149;92,22186172;79,99315297;136,7712912
0;43,5669;1,4745;43,5707141;1,4660495;-108;-137;-20;0,802114513;868,1;14;151;94,14387739;79,99315297;136,8492756
0;43,5669;1,4748;43,5707141;1,4660495;-110;-138;-21;0,822728727;868,1;14;152;94,92347165;79,99315297;137,0696813
0;43,5669;1,4748;43,5707141;1,4660495;-109;-134;-17;0,822728727;868,1;14;148;90,92347165;79,99315297;137,0696813
0;43,5652;1,473;43,5707141;1,4660495;-109;-139;-22;0,830373464;868,1;14;153;95,84313563;79,99315297;137,1500173
0;43,5666;1,4748;43,5707141;1,4660495;-108;-134;-17;0,840412435;868,1;14;148;90,73875548;79,99315297;137,2543975
0;43,5666;1,4749;43,5707141;1,4660495;-109;-137;-20;0,847182217;868,1;14;151;93,66906826;79,99315297;137,3240847
0;43,5666;1,4749;43,5707141;1,4660495;-106;-130;-13;0,847182217;868,1;14;144;86,66906826;79,99315297;137,3240847
0;43,5667;1,4751;43,5707141;1,4660495;-107;-134;-17;0,854930179;868,1;14;148;90,58999191;79,99315297;137,4031611
0;43,5651;1,4734;43,5707141;1,4660495;-111;-134;-17;0,860471609;868,1;14;148;90,53387397;79,99315297;137,459279
0;43,5649;1,4736;43,5707141;1,4660495;-109;-139;-22;0,88770359;868,1;14;153;95,26324535;79,99315297;137,7299076
0;43,5664;1,4755;43,5707141;1,4660495;-106;-130;-13;0,899908591;868,1;14;144;86,14463692;79,99315297;137,848516
0;43,5665;1,4757;43,5707141;1,4660495;-108;-138;-21;0,907792154;868,1;14;152;94,06887637;79,99315297;137,9242766
0;43,5647;1,4739;43,5707141;1,4660495;-111;-134;-17;0,920466889;868,1;14;148;89,94844146;79,99315297;138,0447115
0;43,5645;1,474;43,5707141;1,4660495;-107;-139;-22;0,942207997;868,1;14;153;94,74566916;79,99315297;138,2474838
0;43,5662;1,4762;43,5707141;1,4660495;-110;-130;-13;0,959546107;868,1;14;144;85,58728792;79,99315297;138,405865
0;43,5662;1,4764;43,5707141;1,4660495;-106;-138;-21;0,973315429;868,1;14;152;93,46353272;79,99315297;138,5296202
0;43,5641;1,4743;43,5707141;1,4660495;-108;-139;-22;0,991338716;868,1;14;153;94,30416352;79,99315297;138,6889894
0;43,5659;1,4767;43,5707141;1,4660495;-111;-138;-21;1,011356794;868,1;14;152;93,13051695;79,99315297;138,862636
0;43,566;1,4769;43,5707141;1,4660495;-109;-136;-19;1,019300175;868,1;14;150;91,0625629;79,99315297;138,9305901
0;43,5638;1,4748;43,5707141;1,4660495;-112;-138;-21;1,043126669;868,1;14;152;92,8618639;79,99315297;139,1312891
0;43,5637;1,4747;43,5707141;1,4660495;-109;-139;-22;1,045963652;868,1;14;153;93,83827302;79,99315297;139,1548799
0;43,5657;1,4774;43,5707141;1,4660495;-109;-138;-21;1,07103446;868,1;14;152;92,63253599;79,99315297;139,360617
0;43,5658;1,4775;43,5707141;1,4660495;-109;-139;-22;1,072211735;868,1;14;153;93,62299375;79,99315297;139,3701592
0;43,5635;1,4751;43,5707141;1,4660495;-110;-138;-21;1,084060212;868,1;14;152;92,52753678;79,99315297;139,4656162
0;43,5634;1,475;43,5707141;1,4660495;-111;-139;-22;1,086952453;868,1;14;153;93,50439393;79,99315297;139,488759
0;43,5634;1,4756;43,5707141;1,4660495;-108;-138;-21;1,119608167;868,1;14;152;92,24728372;79,99315297;139,7458692
0;43,5654;1,478;43,5707141;1,4660495;-111;-138;-21;1,12968044;868,1;14;152;92,16949269;79,99315297;139,8236603
0;43,5655;1,4781;43,5707141;1,4660495;-110;-139;-22;1,130813019;868,1;14;153;93,16078888;79,99315297;139,8323641
0;43,563;1,4752;43,5707141;1,4660495;-112;-139;-22;1,131058898;868,1;14;153;93,15890046;79,99315297;139,8342525
0;43,5636;1,4761;43,5707141;1,4660495;-109;-138;-21;1,132015389;868,1;14;152;92,15155826;79,99315297;139,8415947
0;43,5633;1,4759;43,5707141;1,4660495;-111;-139;-22;1,144340396;868,1;14;153;93,05750029;79,99315297;139,9356527
0;43,5635;1,4763;43,5707141;1,4660495;-111;-139;-22;1,15131729;868,1;14;153;93,00470434;79,99315297;139,9884486
0;43,5638;1,4767;43,5707141;1,4660495;-110;-138;-21;1,152124812;868,1;14;152;91,99861429;79,99315297;139,9945387
0;43,5638;1,4768;43,5707141;1,4660495;-110;-139;-22;1,158137908;868,1;14;153;92,95339933;79,99315297;140,0397536
0;43,5642;1,4773;43,5707141;1,4660495;-111;-138;-21;1,160289768;868,1;14;152;91,93727563;79,99315297;140,0558773
0;43,5629;1,4756;43,5707141;1,4660495;-111;-139;-22;1,160625802;868,1;14;153;92,93476045;79,99315297;140,0583925
0;43,5641;1,4774;43,5707141;1,4660495;-110;-139;-22;1,17353165;868,1;14;153;92,83870873;79,99315297;140,1544442
0;43,5651;1,4784;43,5707141;1,4660495;-109;-138;-21;1,174654937;868,1;14;152;91,83039871;79,99315297;140,1627543
0;43,5652;1,4785;43,5707141;1,4660495;-109;-139;-22;1,175649516;868,1;14;153;92,82304749;79,99315297;140,1701055
0;43,5645;1,4779;43,5707141;1,4660495;-111;-138;-21;1,178569738;868,1;14;152;91,80149917;79,99315297;140,1916538
0;43,5643;1,4779;43,5707141;1,4660495;-111;-139;-22;1,191745549;868,1;14;153;92,7049341;79,99315297;140,2882189
0;43,5648;1,4784;43,5707141;1,4660495;-108;-138;-21;1,192719843;868,1;14;152;91,69783598;79,99315297;140,295317
0;43,5646;1,4784;43,5707141;1,4660495;-110;-139;-22;1,205125714;868,1;14;153;92,60795781;79,99315297;140,3851952
0;43,5651;1,4789;43,5707141;1,4660495;-111;-139;-22;1,208968548;868,1;14;153;92,58030482;79,99315297;140,4128481
0;43,5647;1,4789;43,5707141;1,4660495;-111;-139;-22;1,232526647;868,1;14;153;92,41267853;79,99315297;140,5804744
